date,open,high,low,close,volume
2023-06-01,3.18,3.185,3.1,3.15,236356
2023-06-02,3.21,3.32,3.14,3.31,278262
2023-06-05,3.28,3.34,3.24,3.31,265839
2023-06-06,3.29,3.57,3.26,3.39,496882
2023-06-07,3.42,3.55,3.35,3.46,554560
2023-06-08,3.46,3.51,3.345,3.43,362687
2023-06-09,3.43,3.47,3.145,3.19,406830
2023-06-12,3.15,3.28,3.075,3.22,447313
2023-06-13,3.2,3.3,3.1,3.21,730576
2023-06-14,3.22,3.25,3.04,3.14,389569
2023-06-15,3.09,3.15,3.05,3.1,258367
2023-06-16,3.13,3.25,3.04,3.23,1215063
2023-06-20,3.23,3.36,3.17,3.2,500473
2023-06-21,3.18,3.23,3.02,3.11,413975
2023-06-22,3.13,3.14,2.97,3,460266
2023-06-23,2.97,3.1,2.89,3.03,1549725
2023-06-26,3,3.045,2.93,2.93,411719
2023-06-27,2.93,3.16,2.834,3.13,428105
2023-06-28,3.12,3.22,3.08,3.09,315411
2023-06-29,3.1,3.15,3.01,3.1,316731
2023-06-30,3.16,3.23,3.13,3.18,230483
2023-07-03,3.16,3.24,3.13,3.2,210369
2023-07-05,3.21,3.21,2.99,3,355973
2023-07-06,2.95,2.97,2.76,2.76,717842
2023-07-07,2.76,2.91,2.76,2.82,430296
2023-07-10,2.77,2.908,2.77,2.86,610264
2023-07-11,2.85,2.9,2.74,2.77,560350
2023-07-12,2.94,2.94,2.77,2.78,505079
2023-07-13,2.75,2.8,2.73,2.78,435920
2023-07-14,2.81,2.82,2.71,2.75,422112
2023-07-17,2.72,2.739,2.64,2.67,799699
2023-07-18,2.68,2.711,2.58,2.59,999319
2023-07-19,2.58,2.64,2.362,2.57,2258368
2023-07-20,2.5,2.515,2.431,2.47,1058816
2023-07-21,2.48,2.515,2.42,2.47,495024
2023-07-24,2.45,2.47,2.35,2.35,602962
2023-07-25,2.36,2.49,2.3,2.31,864936
2023-07-26,2.31,2.37,2.295,2.35,453717
2023-07-27,2.4,2.41,2.3,2.31,613778
2023-07-28,2.32,2.485,2.32,2.39,534258
2023-07-31,2.45,2.49,2.37,2.39,653663
2023-08-01,2.38,2.389,2.31,2.34,417730
2023-08-02,2.31,2.34,2.23,2.31,741113
2023-08-03,2.29,2.339,2.235,2.28,431518
2023-08-04,2.27,2.33,2.24,2.24,461752
2023-08-07,2.24,2.255,2.17,2.21,547491
2023-08-08,2.17,2.27,2.11,2.27,647263
2023-08-09,2.25,2.25,2.07,2.08,718517
2023-08-10,2.07,2.1,1.9,1.93,1034975
2023-08-11,1.92,2.01,1.86,1.96,567748
2023-08-14,1.95,1.965,1.88,1.93,387942
2023-08-15,1.9,1.92,1.84,1.85,573050
2023-08-16,1.85,1.85,1.77,1.79,522795
2023-08-17,1.8,1.83,1.76,1.81,544801
2023-08-18,1.77,1.895,1.75,1.86,456483
2023-08-21,1.87,1.93,1.83,1.91,490654
2023-08-22,1.93,1.94,1.82,1.82,339333
2023-08-23,1.81,1.97,1.78,1.95,486579
2023-08-24,1.95,2.02,1.82,1.84,490166
2023-08-25,1.83,1.865,1.725,1.77,727920
2023-08-28,1.77,1.793,1.66,1.69,809958
2023-08-29,1.71,1.75,1.61,1.61,790431
2023-08-30,1.64,1.645,1.535,1.56,1085952
2023-08-31,1.55,1.61,1.5,1.51,789701
2023-09-01,1.52,1.56,1.47,1.52,912987
2023-09-05,1.55,1.66,1.5,1.65,1186559
2023-09-06,1.49,1.52,1.07,1.16,5887081
2023-09-07,1.12,1.15,1.02,1.04,1521599
2023-09-08,1.03,1.295,0.9196,1.19,5723220
2023-09-11,1.22,1.25,1.02,1.04,1899358
2023-09-12,1,1.05,0.9621,0.98,2051004
2023-09-13,0.9849,0.999,0.915,0.9719,2103639
2023-09-14,0.97,1.03,0.9114,0.9204,2197530
2023-09-15,0.9,0.92,0.825,0.8459,3747028
2023-09-18,0.8447,0.85,0.7851,0.8404,1570337
2023-09-19,0.8183,0.84,0.801,0.815,765447
2023-09-20,0.81,0.8507,0.81,0.8149,552786
2023-09-21,0.8151,0.8151,0.77,0.773,600942
2023-09-22,0.775,0.7874,0.703,0.7385,786007
2023-09-25,0.7385,0.83,0.73,0.7722,584115
2023-09-26,0.75,0.7908,0.75,0.7555,770567
2023-09-27,0.7594,0.7959,0.75,0.7751,460464
2023-09-28,0.78,0.8363,0.76,0.7941,516661
2023-09-29,0.81,0.851,0.75,0.7529,394160
2023-10-02,0.76,0.7944,0.7,0.7104,843929
2023-10-03,0.7,0.7599,0.7,0.705,602576
2023-10-04,0.714,0.7533,0.708,0.7408,407913
2023-10-05,0.74,0.8282,0.7366,0.8092,285569
2023-10-06,0.8041,0.9399,0.8,0.892,955505
2023-10-09,0.87,0.9199,0.85,0.8663,693550
2023-10-10,0.87,0.918,0.85,0.8506,540846
2023-10-11,0.9253,0.9253,0.8334,0.8431,279882
2023-10-12,0.84,0.8401,0.7655,0.7743,333973
2023-10-13,0.79,0.79,0.73,0.7499,314458
2023-10-16,0.75,0.8442,0.7005,0.7977,567079
2023-10-17,0.7885,0.8425,0.7657,0.8162,558688
2023-10-18,0.81,0.8499,0.701,0.7032,456032
2023-10-19,0.71,0.7291,0.7,0.7001,418633
2023-10-20,0.7087,0.7087,0.625,0.6351,610712
2023-10-23,0.6445,0.6445,0.6001,0.6063,475637
2023-10-24,0.6289,0.6499,0.57,0.5836,748338
2023-10-25,0.58,0.605,0.51,0.5388,685907
2023-10-26,0.5115,0.58,0.5,0.5011,746125
2023-10-27,0.5127,0.5199,0.46,0.4957,708418
2023-10-30,0.5155,0.5398,0.4656,0.48,649149
2023-10-31,0.48,0.5144,0.465,0.507,608039
2023-11-01,0.4987,0.5299,0.472,0.5187,441140
2023-11-02,0.52,0.6398,0.5,0.5491,646619
2023-11-03,0.57,0.656,0.57,0.646,682616
2023-11-06,0.68,0.6805,0.5818,0.5884,780099
2023-11-07,0.587,0.6074,0.56,0.563,352948
2023-11-08,0.57,0.6099,0.55,0.5797,276435
2023-11-09,0.563,0.6298,0.485,0.4852,948011
2023-11-10,0.49,0.5872,0.47,0.5601,566153
2023-11-13,0.63,0.65,0.49,0.5919,1159617
2023-11-14,0.59,0.64,0.58,0.63,470775
2023-11-15,0.632,0.777,0.615,0.7559,712168
2023-11-16,0.8278,0.83,0.67,0.688,838779
2023-11-17,0.7133,0.7519,0.7,0.7083,537279
2023-11-20,0.6963,0.72,0.578,0.6,488030
2023-11-21,0.6052,0.6209,0.58,0.6067,391345
2023-11-22,0.6,0.67,0.59,0.6174,468661
2023-11-24,0.6177,0.6727,0.6101,0.621,267279
2023-11-27,0.604,0.6698,0.604,0.6483,837474
2023-11-28,0.65,0.6588,0.59,0.61,668045
2023-11-29,0.6114,0.645,0.58,0.5973,644463
2023-11-30,0.61,0.61,0.556,0.57,1126386
2023-12-01,0.5688,0.5998,0.5501,0.569,576464
2023-12-04,0.57,0.61,0.5397,0.6087,606437
2023-12-05,0.5906,0.6099,0.54,0.586,477777
2023-12-06,0.57,0.6,0.5655,0.5843,461318
2023-12-07,0.5964,0.6073,0.5456,0.57,548221
2023-12-08,0.56,0.6033,0.5459,0.5581,532228
2023-12-11,0.5501,0.572,0.52,0.5269,854576
2023-12-12,0.537,0.6,0.485,0.5748,1489302
2023-12-13,0.5556,0.6293,0.5405,0.625,488677
2023-12-14,0.63,0.85,0.63,0.8334,990596
2023-12-15,0.82,0.83,0.7301,0.7744,805652
2023-12-18,0.79,0.7905,0.6636,0.6654,605044
2023-12-19,0.6759,0.75,0.6702,0.7425,575371
2023-12-20,0.75,0.88,0.72,0.7335,707466
2023-12-21,0.74,0.787,0.71,0.7322,650939
2023-12-22,0.712,0.8831,0.712,0.8405,1003249
2023-12-26,0.88,1.14,0.8651,1.06,1260782
2023-12-27,1.08,1.19,0.96,0.9945,1433692
2023-12-28,1,1.02,0.902,0.9043,596707
2023-12-29,0.91,0.92,0.8133,0.834,1051452
2024-01-02,0.85,0.9337,0.8,0.8,604106
2024-01-03,0.8,0.8163,0.7151,0.763,438873
2024-01-04,0.7402,0.774,0.72,0.7421,309043
2024-01-05,0.77,0.78,0.74,0.7653,297104
2024-01-08,0.7437,0.7579,0.69,0.7212,461258
2024-01-09,0.7207,0.798,0.7207,0.7439,175396
2024-01-10,0.749,0.7797,0.711,0.7574,341382
2024-01-11,0.7801,0.7801,0.7,0.7039,318229
2024-01-12,0.7,0.76,0.65,0.6529,375138
2024-01-16,0.65,0.6529,0.5811,0.5909,484232
2024-01-17,0.6001,0.6661,0.6,0.6331,459166
2024-01-18,0.8,0.98,0.6775,0.7,4162852
2024-01-19,0.72,0.7545,0.6815,0.74,489396
2024-01-22,0.7502,0.7737,0.7,0.7251,308484
2024-01-23,0.717,0.74,0.7,0.7039,152667
2024-01-24,0.68,0.7479,0.6698,0.7046,345647
2024-01-25,0.4572,0.59,0.45,0.543,5451867
2024-01-26,0.54,0.6,0.5168,0.5456,2105361
2024-01-29,0.58,0.599,0.535,0.5628,1261830
2024-01-30,0.5749,0.6338,0.56,0.5956,838328
2024-01-31,0.6,0.625,0.5648,0.5735,1013885
2024-02-01,0.64,0.65,0.52,0.5534,2270713
2024-02-02,0.5583,0.655,0.5534,0.6096,961678
2024-02-05,0.63,0.63,0.583,0.583,956856
2024-02-06,0.5925,0.63,0.5507,0.61,1347234
2024-02-07,0.6068,0.6599,0.6,0.6296,873934
2024-02-08,0.65,0.69,0.6221,0.6583,1581363
2024-02-09,0.69,0.69,0.64,0.6828,615921
2024-02-12,0.7,0.7504,0.6983,0.7313,1528253
2024-02-13,0.71,0.7199,0.5905,0.6212,1205351
2024-02-14,0.6422,0.7,0.6422,0.677,695439
2024-02-15,0.7,0.76,0.69,0.735,1251141
2024-02-16,0.7391,0.8008,0.73,0.78,1866318
2024-02-20,0.78,0.85,0.77,0.7937,981739
2024-02-21,0.8388,0.8388,0.6978,0.7338,971900
2024-02-22,0.7808,0.7808,0.69,0.7412,659007
2024-02-23,0.7111,0.7497,0.64,0.6477,843470
2024-02-26,0.65,0.7176,0.625,0.6475,715223
2024-02-27,0.64,0.65,0.622,0.6388,858380
2024-02-28,0.65,0.65,0.61,0.6187,515877
2024-02-29,0.6103,0.66,0.592,0.6218,704774
2024-03-01,0.6433,0.6433,0.59,0.5985,762063
2024-03-04,0.625,0.6297,0.561,0.5999,1076209
2024-03-05,0.6,0.62,0.585,0.5926,465645
2024-03-06,0.604,0.6399,0.6019,0.6252,608870
2024-03-07,0.62,0.6696,0.59,0.6171,462861
2024-03-08,0.62,0.66,0.595,0.6308,681142
2024-03-11,0.63,0.6497,0.6138,0.6245,489434
2024-03-12,0.6246,0.6389,0.595,0.595,504383
2024-03-13,0.5968,0.6254,0.59,0.6017,280419
2024-03-14,0.61,0.623,0.5675,0.5675,641199
2024-03-15,0.5639,0.6141,0.5435,0.5435,3586306
2024-03-18,0.5835,0.6,0.5347,0.54,1027784
2024-03-19,0.54,0.63,0.54,0.6059,1029472
2024-03-20,0.6,0.6101,0.5575,0.6071,431574
2024-03-21,0.639,0.639,0.59,0.6135,483408
2024-03-22,0.6125,0.62,0.551,0.5685,324876
2024-03-25,0.57,0.5789,0.5651,0.5682,437532
2024-03-26,0.5605,0.6055,0.53,0.5386,574082
2024-03-27,0.5467,0.59,0.5402,0.5832,530224
2024-03-28,0.57,0.6183,0.57,0.5911,299971
2024-04-01,0.5907,0.5952,0.53,0.5502,590850
2024-04-02,0.56,0.5757,0.54,0.5446,465905
2024-04-03,0.57,0.595,0.5313,0.59,382875
2024-04-04,0.59,0.62,0.5801,0.596,533286
2024-04-05,0.59,0.64,0.55,0.5768,714371
2024-04-08,0.5897,0.639,0.58,0.5931,604047
2024-04-09,0.59,0.639,0.58,0.597,350023
2024-04-10,0.58,0.61,0.5607,0.585,502642
2024-04-11,0.584,0.6,0.57,0.6,330194
2024-04-12,0.576,0.607,0.56,0.5731,272160
2024-04-15,0.58,0.58,0.505,0.5254,876331
2024-04-16,0.52,0.5427,0.505,0.5051,595896
2024-04-17,0.519,0.5229,0.49,0.5048,368131
2024-04-18,0.5135,0.5314,0.48,0.511,349036
2024-04-19,0.5,0.5233,0.4825,0.487,473952
2024-04-22,0.487,0.5536,0.487,0.5467,371392
2024-04-23,0.55,0.614,0.52,0.604,825876
2024-04-24,0.593,0.593,0.555,0.5555,332087
2024-04-25,0.57,0.59,0.5425,0.5658,282874
2024-04-26,0.5766,0.58,0.5226,0.5462,276931
2024-04-29,0.5486,0.5988,0.5201,0.5725,351585
2024-04-30,0.57,0.59,0.5543,0.5871,380133
2024-05-01,0.56,0.6075,0.56,0.6,297836
2024-05-02,0.6088,0.6088,0.5829,0.6,435080
2024-05-03,0.6,0.6088,0.5736,0.6,414668
2024-05-06,0.6,0.6088,0.5763,0.6027,212818
2024-05-07,0.6071,0.6489,0.59,0.5969,406427
2024-05-08,0.59,0.59,0.55,0.5704,296464
2024-05-09,0.56,0.6342,0.5415,0.5624,545574
2024-05-10,0.5515,0.5919,0.55,0.5681,430899
2024-05-13,0.54,0.54,0.41,0.4187,2935444
2024-05-14,0.4321,0.4686,0.415,0.44,1144730
